cnae_classe;code_cnae_classe
Cultivo de Cereais;1113
Cultivo de Algodão Herbáceo e de Outras Fibras de Lavoura Temporária;1121
Cultivo de Cana-De-Açúcar;1130
Cultivo de Fumo;1148
Cultivo de Soja;1156
Cultivo de Oleaginosas de Lavoura Temporária, Exceto Soja;1164
Cultivo de Plantas de Lavoura Temporária não Especificadas Anteriormente;1199
Horticultura;1211
Cultivo de Flores e Plantas Ornamentais;1229
Cultivo de Laranja;1318
Cultivo de Uva;1326
Cultivo de Frutas de Lavoura Permanente, Exceto Laranja e Uva;1334
Cultivo de Café;1342
Cultivo de Cacau;1351
Cultivo de Plantas de Lavoura Permanente não Especificadas Anteriormente;1393
Produção de Sementes Certificadas;1415
Produção de Mudas e Outras Formas de Propagação Vegetal, Certificadas;1423
Criação de Bovinos;1512
Criação de Outros Animais de Grande Porte;1521
Criação de Caprinos e Ovinos;1539
Criação de Suínos;1547
Criação de Aves;1555
Criação de Animais não Especificados Anteriormente;1598
Atividades de Apoio à Agricultura;1610
Atividades de Apoio à Pecuária;1628
Atividades de Pós-Colheita;1636
Caça e Serviços Relacionados;1709
Produção Florestal - Florestas Plantadas;2101
Produção Florestal - Florestas Nativas;2209
Atividades de Apoio à Produção Florestal;2306
Pesca em água Salgada;3116
Pesca em água Doce;3124
AqüIcultura em água Salgada e Salobra;3213
AqüIcultura em água Doce;3221
Extração de Carvão Mineral;5003
Extração de Petróleo e Gás Natural;6000
Extração de Minério de Ferro;7103
Extração de Minério de Alumínio;7219
Extração de Minério de Estanho;7227
Extração de Minério de Manganês;7235
Extração de Minério de Metais Preciosos;7243
Extração de Minerais Radioativos;7251
Extração de Minerais Metálicos Não-Ferrosos não Especificados Anteriormente;7294
Extração de Pedra, Areia e Argila;8100
Extração de Minerais para Fabricação de Adubos, Fertilizantes e Outros Produtos Químicos;8916
Extração e Refino de Sal Marinho e Sal-Gema;8924
Extração de Gemas (Pedras Preciosas e Semipreciosas);8932
Extração de Minerais Não-Metálicos não Especificados Anteriormente;8991
Atividades de Apoio à Extração de Petróleo e Gás Natural;9106
Atividades de Apoio à Extração de Minerais, Exceto Petróleo e Gás Natural;9904
Abate de Reses, Exceto Suínos;10112
Abate de Suínos, Aves e Outros Pequenos Animais;10121
Fabricação de Produtos de Carne;10139
Preservação do Pescado e Fabricação de Produtos do Pescado;10201
Fabricação de Conservas de Frutas;10317
Fabricação de Conservas de Legumes e Outros Vegetais;10325
Fabricação de Sucos de Frutas, Hortaliças e Legumes;10333
Fabricação de óleos Vegetais em Bruto, Exceto óleo de Milho;10414
Fabricação de óleos Vegetais Refinados, Exceto óleo de Milho;10422
Fabricação de Margarina e Outras Gorduras Vegetais e de óleos Não-Comestíveis de Animais;10431
Preparação do Leite;10511
Fabricação de Laticínios;10520
Fabricação de Sorvetes e Outros Gelados Comestíveis;10538
Beneficiamento de Arroz e Fabricação de Produtos do Arroz;10619
Moagem de Trigo e Fabricação de Derivados;10627
Fabricação de Farinha de Mandioca e Derivados;10635
Fabricação de Farinha de Milho e Derivados, Exceto óleos de Milho;10643
Fabricação de Amidos e Féculas de Vegetais e de óleos de Milho;10651
Fabricação de Alimentos para Animais;10660
Moagem e Fabricação de Produtos de Origem Vegetal não Especificados Anteriormente;10694
Fabricação de Açúcar em Bruto;10716
Fabricação de Açúcar Refinado;10724
Torrefação e Moagem de Café;10813
Fabricação de Produtos à Base de Café;10821
Fabricação de Produtos de Panificação;10911
Fabricação de Biscoitos e Bolachas;10929
Fabricação de Produtos Derivados do Cacau, de Chocolates e Confeitos;10937
Fabricação de Massas Alimentícias;10945
Fabricação de Especiarias, Molhos, Temperos e Condimentos;10953
Fabricação de Alimentos e Pratos Prontos;10961
Fabricação de Produtos Alimentícios não Especificados Anteriormente;10996
Fabricação de Aguardentes e Outras Bebidas Destiladas;11119
Fabricação de Vinho;11127
Fabricação de Malte, Cervejas e Chopes;11135
Fabricação de águas Envasadas;11216
Fabricação de Refrigerantes e de Outras Bebidas Não-Alcoólicas;11224
Processamento Industrial do Fumo;12107
Fabricação de Produtos do Fumo;12204
Preparação e Fiação de Fibras de Algodão;13111
Preparação e Fiação de Fibras Têxteis Naturais, Exceto Algodão;13120
Fiação de Fibras Artificiais e Sintéticas;13138
Fabricação de Linhas para Costurar e Bordar;13146
Tecelagem de Fios de Algodão;13219
Tecelagem de Fios de Fibras Têxteis Naturais, Exceto Algodão;13227
Tecelagem de Fios de Fibras Artificiais e Sintéticas;13235
Fabricação de Tecidos de Malha;13308
Acabamentos em Fios, Tecidos e Artefatos Têxteis;13405
Fabricação de Artefatos Têxteis para Uso Doméstico;13511
Fabricação de Artefatos de Tapeçaria;13529
Fabricação de Artefatos de Cordoaria;13537
Fabricação de Tecidos Especiais, Inclusive Artefatos;13545
Fabricação de Outros Produtos Têxteis não Especificados Anteriormente;13596
Confecção de Roupas íntimas;14118
Confecção de Peças do Vestuário, Exceto Roupas íntimas;14126
Confecção de Roupas Profissionais;14134
Fabricação de Acessórios do Vestuário, Exceto para Segurança e Proteção;14142
Fabricação de Meias;14215
Fabricação de Artigos do Vestuário, Produzidos em Malharias e Tricotagens, Exceto Meias;14223
Curtimento e Outras Preparações de Couro;15106
Fabricação de Artigos para Viagem, Bolsas e Semelhantes de Qualquer Material;15211
Fabricação de Artefatos de Couro não Especificados Anteriormente;15297
Fabricação de Calçados de Couro;15319
Fabricação de Tênis de Qualquer Material;15327
Fabricação de Calçados de Material Sintético;15335
Fabricação de Calçados de Materiais não Especificados Anteriormente;15394
Fabricação de Partes para Calçados, de Qualquer Material;15408
Desdobramento de Madeira;16102
Fabricação de Madeira Laminada e de Chapas de Madeira Compensada, Prensada e Aglomerada;16218
Fabricação de Estruturas de Madeira e de Artigos de Carpintaria para Construção;16226
Fabricação de Artefatos de Tanoaria e de Embalagens de Madeira;16234
Fabricação de Artefatos de Madeira, Palha, Cortiça, Vime e Material Trançado não Especificados Anter;16293
Fabricação de Celulose e Outras Pastas para a Fabricação de Papel;17109
Fabricação de Papel;17214
Fabricação de Cartolina e Papel-Cartão;17222
Fabricação de Embalagens de Papel;17311
Fabricação de Embalagens de Cartolina e Papel-Cartão;17320
Fabricação de Chapas e de Embalagens de Papelão Ondulado;17338
Fabricação de Produtos de Papel, Cartolina, Papel-Cartão e Papelão Ondulado para Uso Comercial e de ;17419
Fabricação de Produtos de Papel para Usos Doméstico e Higiênico-Sanitário;17427
Fabricação de Produtos de Pastas Celulósicas, Papel, Cartolina, Papel-Cartão e Papelão Ondulado não ;17494
Impressão de Jornais, Livros, Revistas e Outras Publicações Periódicas;18113
Impressão de Material de Segurança;18121
Impressão de Materiais para Outros Usos;18130
Serviços de Pré-Impressão;18211
Serviços de Acabamentos Gráficos;18229
Reprodução de Materiais Gravados em Qualquer Suporte;18300
Coquerias;19101
Fabricação de Produtos do Refino de Petróleo;19217
Fabricação de Produtos Derivados do Petróleo, Exceto Produtos do Refino;19225
Fabricação de álcool;19314
Fabricação de Biocombustíveis, Exceto álcool;19322
Fabricação de Cloro e álcalis;20118
Fabricação de Intermediários para Fertilizantes;20126
Fabricação de Adubos e Fertilizantes;20134
Fabricação de Gases Industriais;20142
Fabricação de Produtos Químicos Inorgânicos não Especificados Anteriormente;20193
Fabricação de Produtos Petroquímicos Básicos;20215
Fabricação de Intermediários para Plastificantes, Resinas e Fibras;20223
Fabricação de Produtos Químicos Orgânicos não Especificados Anteriormente;20291
Fabricação de Resinas Termoplásticas;20312
Fabricação de Resinas Termofixas;20321
Fabricação de Elastômeros;20339
Fabricação de Fibras Artificiais e Sintéticas;20401
Fabricação de Defensivos Agrícolas;20517
Fabricação de Desinfestantes Domissanitários;20525
Fabricação de Sabões e Detergentes Sintéticos;20614
Fabricação de Produtos de Limpeza e Polimento;20622
Fabricação de Cosméticos, Produtos de Perfumaria e de Higiene Pessoal;20631
Fabricação de Tintas, Vernizes, Esmaltes e Lacas;20711
Fabricação de Tintas de Impressão;20720
Fabricação de Impermeabilizantes, Solventes e Produtos Afins;20738
Fabricação de Adesivos e Selantes;20916
Fabricação de Explosivos;20924
Fabricação de Aditivos de Uso Industrial;20932
Fabricação de Catalisadores;20941
Fabricação de Produtos Químicos não Especificados Anteriormente;20991
Fabricação de Produtos Farmoquímicos;21106
Fabricação de Medicamentos para Uso Humano;21211
Fabricação de Medicamentos para Uso Veterinário;21220
Fabricação de Preparações Farmacêuticas;21238
Fabricação de Pneumáticos e de Câmaras-De-Ar;22111
Reforma de Pneumáticos Usados;22129
Fabricação de Artefatos de Borracha não Especificados Anteriormente;22196
Fabricação de Laminados Planos e Tubulares de Material Plástico;22218
Fabricação de Embalagens de Material Plástico;22226
Fabricação de Tubos e Acessórios de Material Plástico para Uso na Construção;22234
Fabricação de Artefatos de Material Plástico não Especificados Anteriormente;22293
Fabricação de Vidro Plano e de Segurança;23117
Fabricação de Embalagens de Vidro;23125
Fabricação de Artigos de Vidro;23192
Fabricação de Cimento;23206
Fabricação de Artefatos de Concreto, Cimento, Fibrocimento, Gesso e Materiais Semelhantes;23303
Fabricação de Produtos Cerâmicos Refratários;23419
Fabricação de Produtos Cerâmicos Não-Refratários para Uso Estrutural na Construção;23427
Fabricação de Produtos Cerâmicos Não-Refratários não Especificados Anteriormente;23494
Aparelhamento e Outros Trabalhos em Pedras;23915
Fabricação de Cal e Gesso;23923
Fabricação de Produtos de Minerais Não-Metálicos não Especificados Anteriormente;23991
Produção de Ferro-Gusa;24113
Produção de Ferroligas;24121
Produção de Semi-Acabados de Aço;24211
Produção de Laminados Planos de Aço;24229
Produção de Laminados Longos de Aço;24237
Produção de Relaminados, Trefilados e Perfilados de Aço;24245
Produção de Tubos de Aço com Costura;24318
Produção de Outros Tubos de Ferro e Aço;24393
Metalurgia do Alumínio e Suas Ligas;24415
Metalurgia dos Metais Preciosos;24423
Metalurgia do Cobre;24431
Metalurgia dos Metais Não-Ferrosos e Suas Ligas não Especificados Anteriormente;24491
Fundição de Ferro e Aço;24512
Fundição de Metais Não-Ferrosos e Suas Ligas;24521
Fabricação de Estruturas Metálicas;25110
Fabricação de Esquadrias de Metal;25128
Fabricação de Obras de Caldeiraria Pesada;25136
Fabricação de Tanques, Reservatórios Metálicos e Caldeiras para Aquecimento Central;25217
Fabricação de Caldeiras Geradoras de Vapor, Exceto para Aquecimento Central e para Veículos;25225
Produção de Forjados de Aço e de Metais Não-Ferrosos e Suas Ligas;25314
Produção de Artefatos Estampados de Metal;25322
Serviços de Usinagem, Solda, Tratamento e Revestimento em Metais;25390
Fabricação de Artigos de Cutelaria;25411
Fabricação de Artigos de Serralheria, Exceto Esquadrias;25420
Fabricação de Ferramentas;25438
Fabricação de Equipamento Bélico Pesado, Armas de Fogo e Munições;25501
Fabricação de Embalagens Metálicas;25918
Fabricação de Produtos de Trefilados de Metal;25926
Fabricação de Artigos de Metal para Uso Doméstico e Pessoal;25934
Fabricação de Produtos de Metal não Especificados Anteriormente;25993
Fabricação de Componentes Eletrônicos;26108
Fabricação de Equipamentos de Informática;26213
Fabricação de Periféricos para Equipamentos de Informática;26221
Fabricação de Equipamentos Transmissores de Comunicação;26311
Fabricação de Aparelhos Telefônicos e de Outros Equipamentos de Comunicação;26329
Fabricação de Aparelhos de Recepção, Reprodução, Gravação e Amplificação de áudio e Vídeo;26400
Fabricação de Aparelhos e Equipamentos de Medida, Teste e Controle;26515
Fabricação de Cronômetros e Relógios;26523
Fabricação de Aparelhos Eletromédicos e Eletroterapêuticos e Equipamentos de Irradiação;26604
Fabricação de Equipamentos e Instrumentos ópticos, Fotográficos e Cinematográficos;26701
Fabricação de Mídias Virgens, Magnéticas e ópticas;26809
Fabricação de Geradores, Transformadores e Motores Elétricos;27104
Fabricação de Pilhas, Baterias e Acumuladores Elétricos, Exceto para Veículos Automotores;27210
Fabricação de Baterias e Acumuladores para Veículos Automotores;27228
Fabricação de Aparelhos e Equipamentos para Distribuição e Controle de Energia Elétrica;27317
Fabricação de Material Elétrico para Instalações em Circuito de Consumo;27325
Fabricação de Fios, Cabos e Condutores Elétricos Isolados;27333
Fabricação de Lâmpadas e Outros Equipamentos de Iluminação;27406
Fabricação de Fogões, Refrigeradores e Máquinas de Lavar e Secar para Uso Doméstico;27511
Fabricação de Aparelhos Eletrodomésticos não Especificados Anteriormente;27597
Fabricação de Equipamentos e Aparelhos Elétricos não Especificados Anteriormente;27902
Fabricação de Motores e Turbinas, Exceto para Aviões e Veículos Rodoviários;28119
Fabricação de Equipamentos Hidráulicos e Pneumáticos, Exceto Válvulas;28127
Fabricação de Válvulas, Registros e Dispositivos Semelhantes;28135
Fabricação de Compressores;28143
Fabricação de Equipamentos de Transmissão para Fins Industriais;28151
Fabricação de Aparelhos e Equipamentos para Instalações Térmicas;28216
Fabricação de Máquinas, Equipamentos e Aparelhos para Transporte e Elevação de Cargas e Pessoas;28224
Fabricação de Máquinas e Aparelhos de Refrigeração e Ventilação para Uso Industrial e Comercial;28232
Fabricação de Aparelhos e Equipamentos de Ar Condicionado;28241
Fabricação de Máquinas e Equipamentos para Saneamento Básico e Ambiental;28259
Fabricação de Máquinas e Equipamentos de Uso Geral não Especificados Anteriormente;28291
Fabricação de Tratores Agrícolas;28313
Fabricação de Equipamentos para Irrigação Agrícola;28321
Fabricação de Máquinas e Equipamentos para a Agricultura e Pecuária, Exceto para Irrigação;28330
Fabricação de Máquinas-Ferramenta;28402
Fabricação de Máquinas e Equipamentos para a Prospecção e Extração de Petróleo;28518
Fabricação de Outras Máquinas e Equipamentos para Uso na Extração Mineral, Exceto na Extração de Pet;28526
Fabricação de Tratores, Exceto Agrícolas;28534
Fabricação de Máquinas e Equipamentos para Terraplenagem, Pavimentação e Construção, Exceto Tratores;28542
Fabricação de Máquinas para a Indústria Metalúrgica, Exceto Máquinas-Ferramenta;28615
Fabricação de Máquinas e Equipamentos para as Indústrias de Alimentos, Bebidas e Fumo;28623
Fabricação de Máquinas e Equipamentos para a Indústria Têxtil;28631
Fabricação de Máquinas e Equipamentos para as Indústrias do Vestuário, do Couro e de Calçados;28640
Fabricação de Máquinas e Equipamentos para as Indústrias de Celulose, Papel e Papelão e Artefatos;28658
Fabricação de Máquinas e Equipamentos para a Indústria do Plástico;28666
Fabricação de Máquinas e Equipamentos para Uso Industrial Específico não Especificados Anteriormente;28691
Fabricação de Automóveis, Camionetas e Utilitários;29107
Fabricação de Caminhões e ônibus;29204
Fabricação de Cabines, Carrocerias e Reboques para Veículos Automotores;29301
Fabricação de Peças e Acessórios para O Sistema Motor de Veículos Automotores;29417
Fabricação de Peças e Acessórios para Os Sistemas de Marcha e Transmissão de Veículos Automotores;29425
Fabricação de Peças e Acessórios para O Sistema de Freios de Veículos Automotores;29433
Fabricação de Peças e Acessórios para O Sistema de Direção e Suspensão de Veículos Automotores;29441
Fabricação de Material Elétrico e Eletrônico para Veículos Automotores, Exceto Baterias;29450
Fabricação de Peças e Acessórios para Veículos Automotores não Especificados Anteriormente;29492
Recondicionamento e Recuperação de Motores para Veículos Automotores;29506
Construção de Embarcações e Estruturas Flutuantes;30113
Construção de Embarcações para Esporte e Lazer;30121
Fabricação de Locomotivas, Vagões e Outros Materiais Rodantes;30318
Fabricação de Peças e Acessórios para Veículos Ferroviários;30326
Fabricação de Aeronaves;30415
Fabricação de Turbinas, Motores e Outros Componentes e Peças para Aeronaves;30423
Fabricação de Veículos Militares de Combate;30504
Fabricação de Motocicletas;30911
Fabricação de Bicicletas e Triciclos Não-Motorizados;30920
Fabricação de Equipamentos de Transporte não Especificados Anteriormente;30997
Fabricação de Móveis com Predominância de Madeira;31012
Fabricação de Móveis com Predominância de Metal;31021
Fabricação de Móveis de Outros Materiais, Exceto Madeira e Metal;31039
Fabricação de Colchões;31047
Lapidação de Gemas e Fabricação de Artefatos de Ourivesaria e Joalheria;32116
Fabricação de Bijuterias e Artefatos Semelhantes;32124
Fabricação de Instrumentos Musicais;32205
Fabricação de Artefatos para Pesca e Esporte;32302
Fabricação de Brinquedos e Jogos Recreativos;32400
Fabricação de Instrumentos e Materiais para Uso Médico e Odontológico e de Artigos ópticos;32507
Fabricação de Escovas, Pincéis e Vassouras;32914
Fabricação de Equipamentos e Acessórios para Segurança e Proteção Pessoal e Profissional;32922
Fabricação de Produtos Diversos não Especificados Anteriormente;32990
Manutenção e Reparação de Tanques, Reservatórios Metálicos e Caldeiras, Exceto para Veículos;33112
Manutenção e Reparação de Equipamentos Eletrônicos e ópticos;33121
Manutenção e Reparação de Máquinas e Equipamentos Elétricos;33139
Manutenção e Reparação de Máquinas e Equipamentos da Indústria Mecânica;33147
Manutenção e Reparação de Veículos Ferroviários;33155
Manutenção e Reparação de Aeronaves;33163
Manutenção e Reparação de Embarcações;33171
Manutenção e Reparação de Equipamentos e Produtos não Especificados Anteriormente;33198
Instalação de Máquinas e Equipamentos Industriais;33210
Instalação de Equipamentos não Especificados Anteriormente;33295
Geração de Energia Elétrica;35115
Transmissão de Energia Elétrica;35123
Comércio Atacadista de Energia Elétrica;35131
Distribuição de Energia Elétrica;35140
Produção de Gás;35204
Produção e Distribuição de Vapor, água Quente e Ar Condicionado;35301
Captação, Tratamento e Distribuição de água;36006
Gestão de Redes de Esgoto;37011
Atividades Relacionadas a Esgoto, Exceto a Gestão de Redes;37029
Coleta de Resíduos Não-Perigosos;38114
Coleta de Resíduos Perigosos;38122
Tratamento e Disposição de Resíduos Não-Perigosos;38211
Tratamento e Disposição de Resíduos Perigosos;38220
Recuperação de Materiais Metálicos;38319
Recuperação de Materiais Plásticos;38327
Recuperação de Materiais não Especificados Anteriormente;38394
Descontaminação e Outros Serviços de Gestão de Resíduos;39005
Incorporação de Empreendimentos Imobiliários;41107
Construção de Edifícios;41204
Construção de Rodovias e Ferrovias;42111
Construção de Obras de Arte Especiais;42120
Obras de Urbanização - Ruas, Praças e Calçadas;42138
Obras para Geração e Distribuição de Energia Elétrica e para Telecomunicações;42219
Construção de Redes de Abastecimento de água, Coleta de Esgoto e Construções Correlatas;42227
Construção de Redes de Transportes por Dutos, Exceto para água e Esgoto;42235
Obras Portuárias, Marítimas e Fluviais;42910
Montagem de Instalações Industriais e de Estruturas Metálicas;42928
Obras de Engenharia Civil não Especificadas Anteriormente;42995
Demolição e Preparação de Canteiros de Obras;43118
Perfurações e Sondagens;43126
Obras de Terraplenagem;43134
Serviços de Preparação do Terreno não Especificados Anteriormente;43193
Instalações Elétricas;43215
Instalações Hidráulicas, de Sistemas de Ventilação e Refrigeração;43223
Obras de Instalações em Construções não Especificadas Anteriormente;43291
Obras de Acabamento;43304
Obras de Fundações;43916
Serviços Especializados para Construção não Especificados Anteriormente;43991
Comércio a Varejo e por Atacado de Veículos Automotores;45111
Representantes Comerciais e Agentes do Comércio de Veículos Automotores;45129
Manutenção e Reparação de Veículos Automotores;45200
Comércio de Peças e Acessórios para Veículos Automotores;45307
Comércio por Atacado e a Varejo de Motocicletas, Peças e Acessórios;45412
Representantes Comerciais e Agentes do Comércio de Motocicletas, Peças e Acessórios;45421
Manutenção e Reparação de Motocicletas;45439
Representantes Comerciais e Agentes do Comércio de Matérias-Primas Agrícolas e Animais Vivos;46117
Representantes Comerciais e Agentes do Comércio de Combustíveis, Minerais, Produtos Siderúrgicos e Q;46125
Representantes Comerciais e Agentes do Comércio de Madeira, Material de Construção e Ferragens;46133
Representantes Comerciais e Agentes do Comércio de Máquinas, Equipamentos, Embarcações e Aeronaves;46141
Representantes Comerciais e Agentes do Comércio de Eletrodomésticos, Móveis e Artigos de Uso Domésti;46150
Representantes Comerciais e Agentes do Comércio de Têxteis, Vestuário, Calçados e Artigos de Viagem;46168
Representantes Comerciais e Agentes do Comércio de Produtos Alimentícios, Bebidas e Fumo;46176
Representantes Comerciais e Agentes do Comércio Especializado em Produtos não Especificados Anterior;46184
Representantes Comerciais e Agentes do Comércio de Mercadorias em Geral não Especializado;46192
Comércio Atacadista de Café em Grão;46214
Comércio Atacadista de Soja;46222
Comércio Atacadista de Animais Vivos, Alimentos para Animais e Matérias-Primas Agrícolas, Exceto Caf;46231
Comércio Atacadista de Leite e Laticínios;46311
Comércio Atacadista de Cereais e Leguminosas Beneficiados, Farinhas, Amidos e Féculas;46320
Comércio Atacadista de Hortifrutigranjeiros;46338
Comércio Atacadista de Carnes, Produtos da Carne e Pescado;46346
Comércio Atacadista de Bebidas;46354
Comércio Atacadista de Produtos do Fumo;46362
Comércio Atacadista Especializado em Produtos Alimentícios não Especificados Anteriormente;46371
Comércio Atacadista de Produtos Alimentícios em Geral;46397
Comércio Atacadista de Tecidos, Artefatos de Tecidos e de Armarinho;46419
Comércio Atacadista de Artigos do Vestuário e Acessórios;46427
Comércio Atacadista de Calçados e Artigos de Viagem;46435
Comércio Atacadista de Produtos Farmacêuticos para Uso Humano e Veterinário;46443
Comércio Atacadista de Instrumentos e Materiais para Uso Médico, Cirúrgico, Ortopédico e Odontológic;46451
Comércio Atacadista de Cosméticos, Produtos de Perfumaria e de Higiene Pessoal;46460
Comércio Atacadista de Artigos de Escritório e de Papelaria;46478
Comércio Atacadista de Equipamentos e Artigos de Uso Pessoal e Doméstico não Especificados Anteriorm;46494
Comércio Atacadista de Computadores, Periféricos e Suprimentos de Informática;46516
Comércio Atacadista de Componentes Eletrônicos e Equipamentos de Telefonia e Comunicação;46524
Comércio Atacadista de Máquinas, Aparelhos e Equipamentos para Uso Agropecuário;46613
Comércio Atacadista de Máquinas, Equipamentos para Terraplenagem, Mineração e Construção;46621
Comércio Atacadista de Máquinas e Equipamentos para Uso Industrial;46630
Comércio Atacadista de Máquinas, Aparelhos e Equipamentos para Uso Odonto-Médico-Hospitalar;46648
Comércio Atacadista de Máquinas e Equipamentos para Uso Comercial;46656
Comércio Atacadista de Máquinas, Aparelhos e Equipamentos não Especificados Anteriormente;46699
Comércio Atacadista de Madeira e Produtos Derivados;46711
Comércio Atacadista de Ferragens e Ferramentas;46729
Comércio Atacadista de Material Elétrico;46737
Comércio Atacadista de Cimento;46745
Comércio Atacadista Especializado de Materiais de Construção não Especificados Anteriormente e de Ma;46796
Comércio Atacadista de Combustíveis Sólidos, Líquidos e Gasosos, Exceto Gás Natural e Glp;46818
Comércio Atacadista de Gás LiqüEfeito de Petróleo (Glp);46826
Comércio Atacadista de Defensivos Agrícolas, Adubos, Fertilizantes e Corretivos do Solo;46834
Comércio Atacadista de Produtos Químicos e Petroquímicos, Exceto Agroquímicos;46842
Comércio Atacadista de Produtos Siderúrgicos e Metalúrgicos, Exceto para Construção;46851
Comércio Atacadista de Papel e Papelão em Bruto e de Embalagens;46869
Comércio Atacadista de Resíduos e Sucatas;46877
Comércio Atacadista Especializado de Outros Produtos Intermediários não Especificados Anteriormente;46893
Comércio Atacadista de Mercadorias em Geral, com Predominância de Produtos Alimentícios;46915
Comércio Atacadista de Mercadorias em Geral, com Predominância de Insumos Agropecuários;46923
Comércio Atacadista de Mercadorias em Geral, sem Predominância de Alimentos ou de Insumos Agropecuár;46931
Comércio Varejista de Mercadorias em Geral, com Predominância de Produtos Alimentícios - Hipermercad;47113
Comércio Varejista de Mercadorias em Geral, com Predominância de Produtos Alimentícios - Minimercado;47121
Comércio Varejista de Mercadorias em Geral, sem Predominância de Produtos Alimentícios;47130
Comércio Varejista de Produtos de Padaria, Laticínio, Doces, Balas e Semelhantes;47211
Comércio Varejista de Carnes e Pescados - Açougues e Peixarias;47229
Comércio Varejista de Bebidas;47237
Comércio Varejista de Hortifrutigranjeiros;47245
Comércio Varejista de Produtos Alimentícios em Geral ou Especializado em Produtos Alimentícios não E;47296
Comércio Varejista de Combustíveis para Veículos Automotores;47318
Comércio Varejista de Lubrificantes;47326
Comércio Varejista de Tintas e Materiais para Pintura;47415
Comércio Varejista de Material Elétrico;47423
Comércio Varejista de Vidros;47431
Comércio Varejista de Ferragens, Madeira e Materiais de Construção;47440
Comércio Varejista Especializado de Equipamentos e Suprimentos de Informática;47512
Comércio Varejista Especializado de Equipamentos de Telefonia e Comunicação;47521
Comércio Varejista Especializado de Eletrodomésticos e Equipamentos de áudio e Vídeo;47539
Comércio Varejista Especializado de Móveis, Colchoaria e Artigos de Iluminação;47547
Comércio Varejista Especializado de Tecidos e Artigos de Cama, Mesa e Banho;47555
Comércio Varejista Especializado de Instrumentos Musicais e Acessórios;47563
Comércio Varejista Especializado de Peças e Acessórios para Aparelhos Eletroeletrônicos para Uso Dom;47571
Comércio Varejista de Artigos de Uso Doméstico não Especificados Anteriormente;47598
Comércio Varejista de Livros, Jornais, Revistas e Papelaria;47610
Comércio Varejista de Discos, Cds, Dvds e Fitas;47628
Comércio Varejista de Artigos Recreativos e Esportivos;47636
Comércio Varejista de Produtos Farmacêuticos para Uso Humano e Veterinário;47717
Comércio Varejista de Cosméticos, Produtos de Perfumaria e de Higiene Pessoal;47725
Comércio Varejista de Artigos Médicos e Ortopédicos;47733
Comércio Varejista de Artigos de óptica;47741
Comércio Varejista de Artigos do Vestuário e Acessórios;47814
Comércio Varejista de Calçados e Artigos de Viagem;47822
Comércio Varejista de Jóias e Relógios;47831
Comércio Varejista de Gás LiqüEfeito de Petróleo (Glp);47849
Comércio Varejista de Artigos Usados;47857
Comércio Varejista de Outros Produtos Novos não Especificados Anteriormente;47890
Transporte Ferroviário de Carga;49116
Transporte Metroferroviário de Passageiros;49124
Transporte Rodoviário Coletivo de Passageiros, com Itinerário Fixo, Municipal e em Região Metropolit;49213
Transporte Rodoviário Coletivo de Passageiros, com Itinerário Fixo, Intermunicipal, Interestadual e ;49221
Transporte Rodoviário de Táxi;49230
Transporte Escolar;49248
Transporte Rodoviário Coletivo de Passageiros, Sob Regime de Fretamento, e Outros Transportes Rodovi;49299
Transporte Rodoviário de Carga;49302
Transporte Dutoviário;49400
Trens Turísticos, Teleféricos e Similares;49507
Transporte Marítimo de Cabotagem;50114
Transporte Marítimo de Longo Curso;50122
Transporte por Navegação Interior de Carga;50211
Transporte por Navegação Interior de Passageiros em Linhas Regulares;50220
Navegação de Apoio;50301
Transporte por Navegação de Travessia;50912
Transportes Aquaviários não Especificados Anteriormente;50998
Transporte Aéreo de Passageiros Regular;51111
Transporte Aéreo de Passageiros Não-Regular;51129
Transporte Aéreo de Carga;51200
Transporte Espacial;51307
Armazenamento;52117
Carga e Descarga;52125
Concessionárias de Rodovias, Pontes, Túneis e Serviços Relacionados;52214
Terminais Rodoviários e Ferroviários;52222
Estacionamento de Veículos;52231
Atividades Auxiliares dos Transportes Terrestres não Especificadas Anteriormente;52290
Gestão de Portos e Terminais;52311
Atividades de Agenciamento Marítimo;52320
Atividades Auxiliares dos Transportes Aquaviários não Especificadas Anteriormente;52397
Atividades Auxiliares dos Transportes Aéreos;52401
Atividades Relacionadas à Organização do Transporte de Carga;52508
Atividades de Correio;53105
Atividades de Malote e de Entrega;53202
Hotéis e Similares;55108
Outros Tipos de Alojamento não Especificados Anteriormente;55906
Restaurantes e Outros Estabelecimentos de Serviços de Alimentação e Bebidas;56112
Serviços Ambulantes de Alimentação;56121
Serviços de Catering, Bufê e Outros Serviços de Comida Preparada;56201
Edição de Livros;58115
Edição de Jornais;58123
Edição de Revistas;58131
Edição de Cadastros, Listas e de Outros Produtos Gráficos;58191
Edição Integrada à Impressão de Livros;58212
Edição Integrada à Impressão de Jornais;58221
Edição Integrada à Impressão de Revistas;58239
Edição Integrada à Impressão de Cadastros, Listas e de Outros Produtos Gráficos;58298
Atividades de Produção Cinematográfica, de Vídeos e de Programas de Televisão;59111
Atividades de Pós-Produção Cinematográfica, de Vídeos e de Programas de Televisão;59120
Distribuição Cinematográfica, de Vídeo e de Programas de Televisão;59138
Atividades de Exibição Cinematográfica;59146
Atividades de Gravação de Som e de Edição de Música;59201
Atividades de Rádio;60101
Atividades de Televisão Aberta;60217
Programadoras e Atividades Relacionadas à Televisão por Assinatura;60225
Telecomunicações por Fio;61108
Telecomunicações sem Fio;61205
Telecomunicações por Satélite;61302
Operadoras de Televisão por Assinatura por Cabo;61418
Operadoras de Televisão por Assinatura por Microondas;61426
Operadoras de Televisão por Assinatura por Satélite;61434
Outras Atividades de Telecomunicações;61906
Desenvolvimento de Programas de Computador Sob Encomenda;62015
Desenvolvimento e Licenciamento de Programas de Computador Customizáveis;62023
Desenvolvimento e Licenciamento de Programas de Computador Não-Customizáveis;62031
Consultoria em Tecnologia da Informação;62040
Suporte Técnico, Manutenção e Outros Serviços em Tecnologia da Informação;62091
Tratamento de Dados, Provedores de Serviços de Aplicação e Serviços de Hospedagem na Internet;63119
Portais, Provedores de Conteúdo e Outros Serviços de Informação na Internet;63194
Agências de Notícias;63917
Outras Atividades de Prestação de Serviços de Informação não Especificadas Anteriormente;63992
Banco Central;64107
Bancos Comerciais;64212
Bancos Múltiplos, com Carteira Comercial;64221
Caixas Econômicas;64239
Crédito Cooperativo;64247
Bancos Múltiplos, sem Carteira Comercial;64310
Bancos de Investimento;64328
Bancos de Desenvolvimento;64336
Agências de Fomento;64344
Crédito Imobiliário;64352
Sociedades de Crédito, Financiamento e Investimento - Financeiras;64361
Sociedades de Crédito ao Microempreendedor;64379
Bancos de Câmbio e Outras Instituições de Intermediação Não-Monetária;64387
Arrendamento Mercantil;64409
Sociedades de Capitalização;64506
Holdings de Instituições Financeiras;64611
Holdings de Instituições Não-Financeiras;64620
Outras Sociedades de Participação, Exceto Holdings;64638
Fundos de Investimento;64701
Sociedades de Fomento Mercantil - Factoring;64913
Securitização de Créditos;64921
Administração de Consórcios para Aquisição de Bens e Direitos;64930
Outras Atividades de Serviços Financeiros não Especificadas Anteriormente;64999
Seguros de Vida;65111
Seguros Não-Vida;65120
Seguros-Saúde;65201
Resseguros;65308
Previdência Complementar Fechada;65413
Previdência Complementar Aberta;65421
Planos de Saúde;65502
Administração de Bolsas e Mercados de Balcão Organizados;66118
Atividades de Intermediários em Transações de Títulos, Valores Mobiliários e Mercadorias;66126
Administração de Cartões de Crédito;66134
Atividades Auxiliares dos Serviços Financeiros não Especificadas Anteriormente;66193
Avaliação de Riscos e Perdas;66215
Corretores e Agentes de Seguros, de Planos de Previdência Complementar e de Saúde;66223
Atividades Auxiliares dos Seguros, da Previdência Complementar e dos Planos de Saúde não Especificad;66291
Atividades de Administração de Fundos por Contrato ou Comissão;66304
Atividades Imobiliárias de Imóveis Próprios;68102
Intermediação na Compra, Venda e Aluguel de Imóveis;68218
Gestão e Administração da Propriedade Imobiliária;68226
Atividades Jurídicas, Exceto Cartórios;69117
Cartórios;69125
Atividades de Contabilidade, Consultoria e Auditoria Contábil e Tributária;69206
Atividades de Consultoria em Gestão Empresarial;70204
Serviços de Arquitetura;71111
Serviços de Engenharia;71120
Atividades Técnicas Relacionadas à Arquitetura e Engenharia;71197
Testes e Análises Técnicas;71201
Pesquisa e Desenvolvimento Experimental em Ciências Físicas e Naturais;72100
Pesquisa e Desenvolvimento Experimental em Ciências Sociais e Humanas;72207
Agências de Publicidade;73114
Agenciamento de Espaços para Publicidade, Exceto em Veículos de Comunicação;73122
Atividades de Publicidade não Especificadas Anteriormente;73190
Pesquisas de Mercado e de Opinião Pública;73203
Design e Decoração de Interiores;74102
Atividades Fotográficas e Similares;74200
Atividades Profissionais, Científicas e Técnicas não Especificadas Anteriormente;74901
Atividades Veterinárias;75001
Locação de Automóveis sem Condutor;77110
Locação de Meios de Transporte, Exceto Automóveis, sem Condutor;77195
Aluguel de Equipamentos Recreativos e Esportivos;77217
Aluguel de Fitas de Vídeo, Dvds e Similares;77225
Aluguel de Objetos do Vestuário, Jóias e Acessórios;77233
Aluguel de Objetos Pessoais e Domésticos não Especificados Anteriormente;77292
Aluguel de Máquinas e Equipamentos Agrícolas sem Operador;77314
Aluguel de Máquinas e Equipamentos para Construção sem Operador;77322
Aluguel de Máquinas e Equipamentos para Escritórios;77331
Aluguel de Máquinas e Equipamentos não Especificados Anteriormente;77390
Gestão de Ativos Intangíveis Não-Financeiros;77403
Seleção e Agenciamento de Mão-De-Obra;78108
Locação de Mão-De-Obra Temporária;78205
Fornecimento e Gestão de Recursos Humanos para Terceiros;78302
Agências de Viagens;79112
Operadores Turísticos;79121
Serviços de Reservas e Outros Serviços de Turismo não Especificados Anteriormente;79902
Atividades de Vigilância e Segurança Privada;80111
Atividades de Transporte de Valores;80129
Atividades de Monitoramento de Sistemas de Segurança;80200
Atividades de Investigação Particular;80307
Serviços Combinados para Apoio a Edifícios, Exceto Condomínios Prediais;81117
Condomínios Prediais;81125
Limpeza em Prédios e em Domicílios;81214
Imunização e Controle de Pragas Urbanas;81222
Atividades de Limpeza não Especificadas Anteriormente;81290
Atividades Paisagísticas;81303
Serviços Combinados de Escritório e Apoio Administrativo;82113
Fotocópias, Preparação de Documentos e Outros Serviços Especializados de Apoio Administrativo;82199
Atividades de Teleatendimento;82202
Atividades de Organização de Eventos, Exceto Culturais e Esportivos;82300
Atividades de Cobranças e Informações Cadastrais;82911
Envasamento e Empacotamento Sob Contrato;82920
Atividades de Serviços Prestados Principalmente às Empresas não Especificadas Anteriormente;82997
Administração Pública em Geral;84116
Regulação das Atividades de Saúde, Educação, Serviços Culturais e Outros Serviços Sociais;84124
Regulação das Atividades Econômicas;84132
Relações Exteriores;84213
Defesa;84221
Justiça;84230
Segurança e Ordem Pública;84248
Defesa Civil;84256
Seguridade Social Obrigatória;84302
Educação Infantil - Creche;85112
Educação Infantil - Pré-Escola;85121
Ensino Fundamental;85139
Ensino Médio;85201
Educação Superior - Graduação;85317
Educação Superior - Graduação e Pós-Graduação;85325
Educação Superior - Pós-Graduação e Extensão;85333
Educação Profissional de Nível Técnico;85414
Educação Profissional de Nível Tecnológico;85422
Atividades de Apoio à Educação;85503
Ensino de Esportes;85911
Ensino de Arte e Cultura;85929
Ensino de Idiomas;85937
Atividades de Ensino não Especificadas Anteriormente;85996
Atividades de Atendimento Hospitalar;86101
Serviços Móveis de Atendimento a Urgências;86216
Serviços de Remoção de Pacientes, Exceto Os Serviços Móveis de Atendimento a Urgências;86224
Atividades de Atenção Ambulatorial Executadas por Médicos e Odontólogos;86305
Atividades de Serviços de Complementação Diagnóstica e Terapêutica;86402
Atividades de Profissionais da área de Saúde, Exceto Médicos e Odontólogos;86500
Atividades de Apoio à Gestão de Saúde;86607
Atividades de Atenção à Saúde Humana não Especificadas Anteriormente;86909
Atividades de Assistência a Idosos, Deficientes Físicos, Imunodeprimidos e Convalescentes Prestadas ;87115
Atividades de Fornecimento de Infra-Estrutura de Apoio e Assistência a Paciente no Domicílio;87123
Atividades de Assistência Psicossocial e à Saúde a Portadores de Distúrbios Psíquicos, Deficiência M;87204
Atividades de Assistência Social Prestadas em Residências Coletivas e Particulares;87301
Serviços de Assistência Social sem Alojamento;88006
Artes Cênicas, Espetáculos e Atividades Complementares;90019
Criação Artística;90027
Gestão de Espaços para Artes Cênicas, Espetáculos e Outras Atividades Artísticas;90035
Atividades de Bibliotecas e Arquivos;91015
Atividades de Museus e de Exploração, Restauração Artística e Conservação de Lugares e Prédios Histó;91023
Atividades de Jardins Botânicos, Zoológicos, Parques Nacionais, Reservas Ecológicas e áreas de Prote;91031
Atividades de Exploração de Jogos de Azar e Apostas;92003
Gestão de Instalações de Esportes;93115
Clubes Sociais, Esportivos e Similares;93123
Atividades de Condicionamento Físico;93131
Atividades Esportivas não Especificadas Anteriormente;93191
Parques de Diversão e Parques Temáticos;93212
Atividades de Recreação e Lazer não Especificadas Anteriormente;93298
Atividades de Organizações Associativas Patronais e Empresariais;94111
Atividades de Organizações Associativas Profissionais;94120
Atividades de Organizações Sindicais;94201
Atividades de Associações de Defesa de Direitos Sociais;94308
Atividades de Organizações Religiosas;94910
Atividades de Organizações Políticas;94928
Atividades de Organizações Associativas Ligadas à Cultura e à Arte;94936
Atividades Associativas não Especificadas Anteriormente;94995
Reparação e Manutenção de Computadores e de Equipamentos Periféricos;95118
Reparação e Manutenção de Equipamentos de Comunicação;95126
Reparação e Manutenção de Equipamentos Eletroeletrônicos de Uso Pessoal e Doméstico;95215
Reparação e Manutenção de Objetos e Equipamentos Pessoais e Domésticos não Especificados Anteriormen;95291
Lavanderias, Tinturarias e Toalheiros;96017
Cabeleireiros e Outras Atividades de Tratamento de Beleza;96025
Atividades Funerárias e Serviços Relacionados;96033
Atividades de Serviços Pessoais não Especificadas Anteriormente;96092
Serviços Domésticos;97005
Organismos Internacionais e Outras Instituições Extraterritoriais;99008
